{"cameraMode":{"drawMode":0,"name":"Shaded","section":"Shading Mode"},"sceneLighting":true,"audioPlay":false,"sceneViewState":{"showFog":true,"showMaterialUpdate":false,"showSkybox":true,"showFlares":true,"showImageEffects":true,"showParticleSystems":true},"in2DMode":false,"pivot":{"x":3.2594494819641115,"y":0.09218120574951172,"z":0.5099897384643555},"rotation":{"x":0.18737080693244935,"y":-0.18587058782577516,"z":0.03613193705677986,"w":0.9638679027557373},"size":8.02500057220459,"orthographic":false}